# time,flux,flux_err
6.000000000000000000e+01,-8.519610628967785870e-02,1.000000000000000021e-03
6.050000000000000000e+01,-1.862366240734544820e-02,1.000000000000000021e-03
6.100000000000000000e+01,7.072979542143321974e-02,1.000000000000000021e-03
6.150000000000000000e+01,1.006139122782060136e-01,1.000000000000000021e-03
6.200000000000000000e+01,5.402000062353899679e-02,1.000000000000000021e-03
6.250000000000000000e+01,-3.441931928039645289e-02,1.000000000000000021e-03
6.300000000000000000e+01,-9.485133636477346974e-02,1.000000000000000021e-03
