name,median,lower_err,upper_err
gp: $\log{\sigma}$,-10.230957252915207,0.07410531242299179,0.06794526489019681
gp: $\log{\rho}$,-5.293160899531594,0.1766303258215176,0.1727969807982248
$\log{(y_\mathrm{err})}$,-8.892178913320883,0.007020062200634669,0.00712336169661576
