#name,gp_log_sigma_median,gp_log_sigma_ll,gp_log_sigma_ul,gp_log_rho_median,gp_log_rho_ll,gp_log_rho_ul,log_yerr_median,log_yerr_ll,log_yerr_ul
TESS_flux_gp_decor,-10.230957252915207,0.07410531242299179,0.06794526489019681,-5.293160899531594,0.1766303258215176,0.1727969807982248,-8.892178913320883,0.007020062200634669,0.00712336169661576
