#name,median,lower_error,upper_error,label,unit
#Fitted parameters,,,
b_epoch,52.10244680240399,0.032908530272017344,0.02552505990222187,$T_{0;b}$,BJD
b_period,3.3986409219333504,0.005395580551269763,0.005492379748674114,$P_b$,d
b_K,0.09975987001027309,0.003726489443171929,0.0027188526504053206,$K_b$,km/s
b_f_c,0.12146319287891891,0.059651494125659114,0.06960798937535112,$\sqrt{e}\cos{\omega}_b$,
b_f_s,0.42186485609185764,0.039558231070009664,0.02963862367204184,$\sqrt{e}\sin{\omega}_b$,
log_jitter_rv_Donatello,-7.099909013582762,2.0097670715498293,1.8567397961924677,$\ln{\sigma_\mathrm{jitter}} (RV_\mathrm{Donatello})$,km/s
log_jitter_rv_Raphael,-5.4430616977658,2.398665167634115,0.7648255901970842,$\ln{\sigma_\mathrm{jitter}} (RV_\mathrm{Raphael})$,km/s
