# time,flux,flux_err
3.710000000000000142e+01,5.736389652994165061e-02,6.000000000000000125e-03
3.800000000000000000e+01,7.428937080721471908e-02,6.000000000000000125e-03
4.200000000000000000e+01,-1.204789069461261429e-02,6.000000000000000125e-03
5.500000000000000000e+01,8.184083145853741914e-02,6.000000000000000125e-03
5.600000000000000000e+01,-9.496903028300181238e-02,6.000000000000000125e-03
5.800000000000000000e+01,1.150607882523735082e-01,6.000000000000000125e-03
