# time,flux,flux_err
6.000000000000000000e+01,-8.413976708261107496e-02,1.000000000000000021e-03
6.050000000000000000e+01,-2.021557494362090368e-02,1.000000000000000021e-03
6.100000000000000000e+01,6.621480324686088159e-02,1.000000000000000021e-03
6.150000000000000000e+01,1.004433324112476156e-01,1.000000000000000021e-03
6.200000000000000000e+01,5.365311133603871407e-02,1.000000000000000021e-03
6.250000000000000000e+01,-3.415298830307457456e-02,1.000000000000000021e-03
6.300000000000000000e+01,-9.016384842852637194e-02,1.000000000000000021e-03
