#name,median,lower_error,upper_error,label,unit
#Fitted parameters,,,
b_rr,0.10555757689217024,0.003389092335894961,0.004222521436748075,$R_b / R_\star$,
b_rsuma,0.11096666108468205,0.00577615692182698,0.015806892445707613,$(R_\star + R_b) / a_b$,
b_cosi,0.03281594939427346,0.02057377368271974,0.03148499885210573,$\cos{i_b}$,
b_epoch,4.502024207276083,0.0009133040212834231,0.0008848977555517834,$T_{0;b}$,BJD
b_period,3.4011495254597075,0.0011367787104066274,0.001063106678715009,$P_b$,days
host_ldc_q1_Leonardo,0.41369757126641327,0.22049388235205056,0.32589045780276105,$q_{1; \mathrm{Leonardo}}$,
host_ldc_q2_Leonardo,0.3797672862371798,0.22625862024020668,0.32391858534040063,$q_{2; \mathrm{Leonardo}}$,
log_err_flux_Leonardo,-6.248724956859791,0.07136947859098086,0.07485994476141311,$\log{\sigma_\mathrm{Leonardo}}$,$\log{ \mathrm{rel. flux.} }$
baseline_offset_flux_Leonardo,0.00020718649096133608,0.00023387991874326917,0.00023259064266376104,$\mathrm{gp: \log{\sigma} (Leonardo)}$,
