#name,median,lower_error,upper_error,label,unit
#Fitted parameters,,,
b_epoch,52.13502080874033,0.03425378978329974,0.03409513593761204,$T_{0;b}$,BJD
b_period,3.401093946118511,0.011400123197621514,0.011665480162883046,$P_b$,d
b_K,0.09586287767392558,0.005411716455647628,0.005155493118992882,$K_b$,km/s
log_jitter_rv_Donatello,-4.2109543439312365,0.348349467903013,0.30632439541561585,$\ln{\sigma_\mathrm{jitter}} (RV_\mathrm{Donatello})$,km/s
log_jitter_rv_Raphael,-4.062190908068243,0.2907561850317588,0.34772675136917197,$\ln{\sigma_\mathrm{jitter}} (RV_\mathrm{Raphael})$,km/s
