#name,median,lower_error,upper_error,label,unit
#Fitted parameters,,,
b_epoch,52.10141221459695,0.0333733556068978,0.025540350953995983,$T_{0;b}$,BJD
b_period,3.398378975831268,0.005109038802020294,0.005514471616685057,$P_b$,d
b_K,0.09949301164370518,0.003727647125251324,0.002770841762863255,$K_b$,km/s
b_f_c,0.12238375687069691,0.06026445222696401,0.07023506690913883,$\sqrt{e}\cos{\omega}_b$,
b_f_s,0.42204376954207623,0.04029102141993124,0.030792930612468294,$\sqrt{e}\sin{\omega}_b$,
log_jitter_rv_Donatello,-7.129681523932997,1.7835001734621612,1.8169617438298076,$\ln{\sigma_\mathrm{jitter}} (RV_\mathrm{Donatello})$,km/s
log_jitter_rv_Raphael,-5.34261705135952,1.9736899201149303,0.7091489402195226,$\ln{\sigma_\mathrm{jitter}} (RV_\mathrm{Raphael})$,km/s
