# time,flux,flux_err
6.000000000000000000e+01,-8.267832874762197359e-02,4.000000000000000083e-03
6.050000000000000000e+01,-2.810677327759656535e-02,4.000000000000000083e-03
6.100000000000000000e+01,4.058430553905474636e-02,4.000000000000000083e-03
6.150000000000000000e+01,9.257379425311403065e-02,4.000000000000000083e-03
6.200000000000000000e+01,8.008676384996113451e-02,4.000000000000000083e-03
6.250000000000000000e+01,-5.107182739983781583e-02,4.000000000000000083e-03
6.300000000000000000e+01,-1.017488553074126362e-01,4.000000000000000083e-03
