# time,flux,flux_err
3.710000000000000142e+01,4.573066026726516076e-02,6.000000000000000125e-03
3.800000000000000000e+01,7.935574108646945013e-02,6.000000000000000125e-03
4.200000000000000000e+01,-1.594381437894080294e-02,6.000000000000000125e-03
5.500000000000000000e+01,7.739924067146113085e-02,6.000000000000000125e-03
5.600000000000000000e+01,-7.629103516788651729e-02,6.000000000000000125e-03
5.800000000000000000e+01,8.707034199716845446e-02,6.000000000000000125e-03
