#name,gp_log_sigma_median,gp_log_sigma_ll,gp_log_sigma_ul,gp_log_rho_median,gp_log_rho_ll,gp_log_rho_ul,log_yerr_median,log_yerr_ll,log_yerr_ul
TESS_flux_gp_decor,-10.478668392592315,0.03812870362101606,0.03606331498835047,-2.0696102437041324,0.10880054398442862,0.10408033321975396,-8.630214869727716,0.0024176754314293447,0.0023694286230426798
