# time,flux,flux_err
3.710000000000000142e+01,5.547823430439603049e-02,6.000000000000000125e-03
3.800000000000000000e+01,7.649826298433859417e-02,6.000000000000000125e-03
4.200000000000000000e+01,-1.457961796563465862e-02,6.000000000000000125e-03
5.500000000000000000e+01,8.102913937513223086e-02,6.000000000000000125e-03
5.600000000000000000e+01,-8.890605382301287885e-02,6.000000000000000125e-03
5.800000000000000000e+01,1.088707674470532627e-01,6.000000000000000125e-03
