# time,flux,flux_err
6.000000000000000000e+01,-8.773152242880211116e-02,1.000000000000000021e-03
6.050000000000000000e+01,-1.898999756265212779e-02,1.000000000000000021e-03
6.100000000000000000e+01,6.699020636673284901e-02,1.000000000000000021e-03
6.150000000000000000e+01,9.987160162979780154e-02,1.000000000000000021e-03
6.200000000000000000e+01,5.298419775606466597e-02,1.000000000000000021e-03
6.250000000000000000e+01,-3.547007684842023306e-02,1.000000000000000021e-03
6.300000000000000000e+01,-9.418425750605906310e-02,1.000000000000000021e-03
