#name,median,lower_error,upper_error,label,unit
#Fitted parameters,,,
b_epoch,52.13355424133171,0.03410617175545383,0.0333269860793024,$T_{0;b}$,BJD
b_period,3.40105624659061,0.011095476113473612,0.011658319670863726,$P_b$,d
b_K,0.09538409045601243,0.005302107449911234,0.005389203763038489,$K_b$,km/s
log_jitter_rv_Donatello,-4.2114669965106515,0.34450441528184683,0.3092366994940603,$\ln{\sigma_\mathrm{jitter}} (RV_\mathrm{Donatello})$,km/s
log_jitter_rv_Raphael,-4.063666740017122,0.2931241007629861,0.34022875224714166,$\ln{\sigma_\mathrm{jitter}} (RV_\mathrm{Raphael})$,km/s
