# time,flux,flux_err
3.710000000000000142e+01,3.103902303211722100e-02,2.000000000000000042e-03
3.800000000000000000e+01,3.438356866757845409e-02,2.000000000000000042e-03
4.200000000000000000e+01,-2.859290288297101912e-03,2.000000000000000042e-03
5.500000000000000000e+01,4.193502931890116803e-02,2.000000000000000042e-03
5.600000000000000000e+01,-5.506323723111208879e-02,2.000000000000000042e-03
5.800000000000000000e+01,6.526792009733103916e-02,2.000000000000000042e-03
