# time,flux,flux_err
6.000000000000000000e+01,-3.937606786028467060e-02,1.000000000000000021e-03
6.050000000000000000e+01,-1.102697453730486915e-02,1.000000000000000021e-03
6.100000000000000000e+01,3.252584700582809851e-02,1.000000000000000021e-03
6.150000000000000000e+01,5.065046425620504250e-02,1.000000000000000021e-03
6.200000000000000000e+01,2.732823783821428099e-02,1.000000000000000021e-03
6.250000000000000000e+01,-1.608868136886915795e-02,1.000000000000000021e-03
6.300000000000000000e+01,-4.206661771845452563e-02,1.000000000000000021e-03
